<?xml version="1.0"?>
<SITES name="Favorites" >
	<FOLDER name="Game Sites" >
		<SITE name="ID Software" >
			<ADDRESS>ftp.idsoftware.com</ADDRESS>
			<PORT>21</PORT>
			<PASVMODE>0</PASVMODE>
			<LOGIN>anonymous</LOGIN>
			<PASSWORD>IE40user@</PASSWORD>
			<REMOTEPATH>/</REMOTEPATH>
			<LOCALPATH>
			</LOCALPATH>
			<RETRIES>3</RETRIES>
			<RETRYDELAY>10</RETRYDELAY>
			<DESCRIPTION>ID Software</DESCRIPTION>
		</SITE>
		<SITE name="Infogrames" >
			<ADDRESS>ftp.infogrames.net</ADDRESS>
			<PORT>21</PORT>
			<PASVMODE>0</PASVMODE>
			<LOGIN>anonymous</LOGIN>
			<PASSWORD>IE40user@</PASSWORD>
			<REMOTEPATH>/</REMOTEPATH>
			<LOCALPATH>
			</LOCALPATH>
			<RETRIES>3</RETRIES>
			<RETRYDELAY>10</RETRYDELAY>
			<DESCRIPTION>ID Software</DESCRIPTION>
		</SITE>
		<SITE name="LucasArts" >
			<ADDRESS>ftp.lucasarts.com</ADDRESS>
			<PORT>21</PORT>
			<PASVMODE>0</PASVMODE>
			<LOGIN>anonymous</LOGIN>
			<PASSWORD>IE40user@</PASSWORD>
			<REMOTEPATH>/</REMOTEPATH>
			<LOCALPATH>
			</LOCALPATH>
			<RETRIES>3</RETRIES>
			<RETRYDELAY>10</RETRYDELAY>
			<DESCRIPTION>ID Software</DESCRIPTION>
		</SITE>
		<SITE name="Sierra On-Line" >
			<ADDRESS>ftp1.sierra.com</ADDRESS>
			<PORT>21</PORT>
			<PASVMODE>0</PASVMODE>
			<LOGIN>anonymous</LOGIN>
			<PASSWORD>IE40user@</PASSWORD>
			<REMOTEPATH>/</REMOTEPATH>
			<LOCALPATH>
			</LOCALPATH>
			<RETRIES>3</RETRIES>
			<RETRYDELAY>10</RETRYDELAY>
			<DESCRIPTION>ID Software</DESCRIPTION>
		</SITE>
	</FOLDER>
	<FOLDER name="Archive Sites" >
		<SITE name="Simtel" >
			<ADDRESS>ftp.simtel.net</ADDRESS>
			<PORT>21</PORT>
			<PASVMODE>0</PASVMODE>
			<LOGIN>anonymous</LOGIN>
			<PASSWORD>IE40user@</PASSWORD>
			<REMOTEPATH>/pub</REMOTEPATH>
			<LOCALPATH>
			</LOCALPATH>
			<RETRIES>3</RETRIES>
			<RETRYDELAY>10</RETRYDELAY>
			<DESCRIPTION>
			</DESCRIPTION>
		</SITE>
	</FOLDER>
	<FOLDER name="Hardware Sites" >
		<SITE name="3Com" >
			<ADDRESS>ftp.3com.com</ADDRESS>
			<PORT>21</PORT>
			<PASVMODE>0</PASVMODE>
			<LOGIN>anonymous</LOGIN>
			<PASSWORD>IE40user@</PASSWORD>
			<REMOTEPATH>/</REMOTEPATH>
			<LOCALPATH>
			</LOCALPATH>
			<RETRIES>3</RETRIES>
			<RETRYDELAY>10</RETRYDELAY>
			<DESCRIPTION>
			</DESCRIPTION>
		</SITE>
		<SITE name="Intel Corperation" >
			<ADDRESS>ftp.intel.com</ADDRESS>
			<PORT>21</PORT>
			<PASVMODE>0</PASVMODE>
			<LOGIN>anonymous</LOGIN>
			<PASSWORD>IE40user@</PASSWORD>
			<REMOTEPATH>/</REMOTEPATH>
			<LOCALPATH>
			</LOCALPATH>
			<RETRIES>3</RETRIES>
			<RETRYDELAY>10</RETRYDELAY>
			<DESCRIPTION>
			</DESCRIPTION>
		</SITE>
		<SITE name="Iomega" >
			<ADDRESS>ftp.iomega.com</ADDRESS>
			<PORT>21</PORT>
			<PASVMODE>0</PASVMODE>
			<LOGIN>anonymous</LOGIN>
			<PASSWORD>IE40user@</PASSWORD>
			<REMOTEPATH>/</REMOTEPATH>
			<LOCALPATH>
			</LOCALPATH>
			<RETRIES>3</RETRIES>
			<RETRYDELAY>10</RETRYDELAY>
			<DESCRIPTION>
			</DESCRIPTION>
		</SITE>
		<SITE name="Logitech" >
			<ADDRESS>ftp.logitech.com</ADDRESS>
			<PORT>21</PORT>
			<PASVMODE>0</PASVMODE>
			<LOGIN>anonymous</LOGIN>
			<PASSWORD>IE40user@</PASSWORD>
			<REMOTEPATH>/</REMOTEPATH>
			<LOCALPATH>
			</LOCALPATH>
			<RETRIES>3</RETRIES>
			<RETRYDELAY>10</RETRYDELAY>
			<DESCRIPTION>
			</DESCRIPTION>
		</SITE>
	</FOLDER>
	<FOLDER name="Software Sites" >
		<SITE name="Ahead Software" >
			<ADDRESS>ftp.us.nero.com</ADDRESS>
			<PORT>21</PORT>
			<PASVMODE>1</PASVMODE>
			<LOGIN>anonymous</LOGIN>
			<PASSWORD>IE40user@</PASSWORD>
			<REMOTEPATH>/</REMOTEPATH>
			<LOCALPATH>
			</LOCALPATH>
			<RETRIES>3</RETRIES>
			<RETRYDELAY>10</RETRYDELAY>
			<DESCRIPTION>
			</DESCRIPTION>
		</SITE>
		<SITE name="Borland" >
			<ADDRESS>ftp.borland.com</ADDRESS>
			<PORT>21</PORT>
			<PASVMODE>1</PASVMODE>
			<LOGIN>anonymous</LOGIN>
			<PASSWORD>IE40user@</PASSWORD>
			<REMOTEPATH>/</REMOTEPATH>
			<LOCALPATH>
			</LOCALPATH>
			<RETRIES>3</RETRIES>
			<RETRYDELAY>10</RETRYDELAY>
			<DESCRIPTION>
			</DESCRIPTION>
		</SITE>
		<SITE name="Microsoft" >
			<ADDRESS>ftp.microsoft.com</ADDRESS>
			<PORT>21</PORT>
			<PASVMODE>1</PASVMODE>
			<LOGIN>anonymous</LOGIN>
			<PASSWORD>IE40user@</PASSWORD>
			<REMOTEPATH>/</REMOTEPATH>
			<LOCALPATH>
			</LOCALPATH>
			<RETRIES>3</RETRIES>
			<RETRYDELAY>10</RETRYDELAY>
			<DESCRIPTION>
			</DESCRIPTION>
		</SITE>
		<SITE name="Netscape" >
			<ADDRESS>ftp.netscape.com</ADDRESS>
			<PORT>21</PORT>
			<PASVMODE>1</PASVMODE>
			<LOGIN>anonymous</LOGIN>
			<PASSWORD>IE40user@</PASSWORD>
			<REMOTEPATH>/</REMOTEPATH>
			<LOCALPATH>
			</LOCALPATH>
			<RETRIES>3</RETRIES>
			<RETRYDELAY>10</RETRYDELAY>
			<DESCRIPTION>
			</DESCRIPTION>
		</SITE>
		<SITE name="Symantec" >
			<ADDRESS>ftp.symantec.com</ADDRESS>
			<PORT>21</PORT>
			<PASVMODE>1</PASVMODE>
			<LOGIN>anonymous</LOGIN>
			<PASSWORD>IE40user@</PASSWORD>
			<REMOTEPATH>/</REMOTEPATH>
			<LOCALPATH>
			</LOCALPATH>
			<RETRIES>3</RETRIES>
			<RETRYDELAY>10</RETRYDELAY>
			<DESCRIPTION>
			</DESCRIPTION>
		</SITE>
		<SITE name="WinZip" >
			<ADDRESS>ftp.winzip.com</ADDRESS>
			<PORT>21</PORT>
			<PASVMODE>1</PASVMODE>
			<LOGIN>anonymous</LOGIN>
			<PASSWORD>IE40user@</PASSWORD>
			<REMOTEPATH>/</REMOTEPATH>
			<LOCALPATH>
			</LOCALPATH>
			<RETRIES>3</RETRIES>
			<RETRYDELAY>10</RETRYDELAY>
			<DESCRIPTION>
			</DESCRIPTION>
		</SITE>
	</FOLDER>
	<SITE name="Apple FTP" >
		<ADDRESS>ftp.apple.com</ADDRESS>
		<PORT>21</PORT>
		<PASVMODE>1</PASVMODE>
		<LOGIN>anonymous</LOGIN>
		<PASSWORD>IE40user@</PASSWORD>
		<REMOTEPATH>/</REMOTEPATH>
		<LOCALPATH>
		</LOCALPATH>
		<RETRIES>3</RETRIES>
		<RETRYDELAY>10</RETRYDELAY>
		<DESCRIPTION>
		</DESCRIPTION>
	</SITE>
</SITES>
