<?xml version="1.0"?>
<USER_ACCOUNTS Description="Quick 'n Easy FTP Server User Accounts" >
	<USER>
		<NAME>admin</NAME>
		<PASSWORD></PASSWORD>
		<ACCOUNT_DISABLED>1</ACCOUNT_DISABLED>
		<ADMINISTRATOR>1</ADMINISTRATOR>
		<MAX_DOWNLOADSPEED>0</MAX_DOWNLOADSPEED>
		<MAX_UPLOADSPEED>0</MAX_UPLOADSPEED>
		<FOLDER>
			<PATH>C:\inetpub</PATH>
			<ALIAS>
			</ALIAS>
			<HOME_DIRECTORY>1</HOME_DIRECTORY>
			<ALLOW_CREATE_DIRECTORY>0</ALLOW_CREATE_DIRECTORY>
			<ALLOW_DELETE>0</ALLOW_DELETE>
			<ALLOW_DOWNLOAD>1</ALLOW_DOWNLOAD>
			<ALLOW_RENAME>0</ALLOW_RENAME>
			<ALLOW_UPLOAD>0</ALLOW_UPLOAD>
			<ALLOW_LIST>1</ALLOW_LIST>
		</FOLDER>
	</USER>
</USER_ACCOUNTS>
